"","pair","a","b","p(y=b)","ratio"
"1","0-1",-5.03504561894313,14.3758409492913,1.08647247531739e-23,0.649756446478261
