"","pair","a","b","p(y=b)","ratio"
"1","0-1",-71.0376228834185,161.015626935446,5.60867556736262e-06,0.558815350811268
