"","pair","a","b","p(y=b)","ratio"
"1","0-1",-6.09123211469186,15.8625439047403,3.53982489750798e-23,0.615999038283413
