"","pair","a","b","p(y=b)","ratio"
"1","0-1",-6.39843202875509,15.0683498658984,2.06491151735152e-14,0.57537274580838
