"","pair","a","b","p(y=b)","ratio"
"1","0-1",-6.01901945010618,18.9213126468842,5.13231388318388e-15,0.681892077868216
