"","pair","a","b","p(y=b)","ratio"
"1","0-1",-56.758434046708,150.887085037562,1.13323260552842e-13,0.623835041729526
